Antwort,Frage,Lektion
das Ohr,the ear,der Körper
die Zeit,The time,Tag und Zeit
der Becher,the cup (e.g. yogurt),Supermarkt
glauben,wir [glauben],Präsens
das Armband,the bracelet,Kleidung
der Knöchel,the ankle,der Körper
brecht,ihr [brechen],Präsens
der Pullover,the sweater,Kleidung
die Woche,the week,Tag und Zeit
sehen fern,wir [fernsehen],Präsens
die Autobahn,the highway,Verkehrsmittel
die Küche,the kitchen,Haus
hören,wir [hören],Präsens
machen,wir [machen],Präsens
der Kurs,course,Schule
fotografierst,du [fotografieren],Präsens
heiraten,wir [heiraten],Präsens
einladen,to invite,Infinitiv
der Installateur,the plumber/the installer,Haus
buchstabieren,wir [buchstabieren],Präsens
ist losgefahren,losfahren,Perfekt (zB hat gemacht / ist gegangen)
fahren los,wir [losfahren],Präsens
hat gerechnet,rechnen,Perfekt (zB hat gemacht / ist gegangen)
voll,full,Adjektive
das Herz,the heart,der Körper
fährt ab,er/sie/es [abfahren],Präsens
findest,du [finden],Präsens
fliegen,wir [fliegen],Präsens
der Freund,the friend,Personen
nehmen,to take,Infinitiv
hat gegeben,geben,Perfekt (zB hat gemacht / ist gegangen)
interessant,interesting,Adjektive
gibt,er/sie/es [geben],Präsens
weißt,du [wissen],Präsens
gefällst,du [gefallen],Präsens
zeichnet,ihr [zeichnen],Präsens
das Gehirn,the brain,der Körper
habt dabei,ihr [dabeihaben],Präsens
hältst,du [halten],Präsens
hat studiert,studieren,Perfekt (zB hat gemacht / ist gegangen)
nimmst,du [nehmen],Präsens
erzählen,wir [erzählen],Präsens
hat gestritten,streiten,Perfekt (zB hat gemacht / ist gegangen)
hören,sie/Sie [hören],Präsens
Russland,Russia,Geographie/Kultur
rennen,sie/Sie [rennen],Präsens
die Tafel,The board,Schule
antwortet,er/sie/es [antworten],Präsens
der Schnitzel,schnitzel,Essen
lesen,sie/Sie [lesen],Präsens
ist gekommen,kommen,Perfekt (zB hat gemacht / ist gegangen)
kopieren,to copy,Infinitiv
legen,"to lay, to put",Infinitiv
das Glas,the glass (e.g. mermelade),Supermarkt
heiraten,sie/Sie [heiraten],Präsens
wirst,du [werden],Präsens
aufmachen,to open,Infinitiv
lachen,to laugh,Infinitiv
das Bundesland,federal state,Geographie/Kultur
malen,to paint,Infinitiv
die Schuhe,the shoes,Kleidung
die Post,the post,Stadt
werden,sie/Sie [werden],Präsens
siehst fern,du [fernsehen],Präsens
der Spielplatz,the playground,Stadt
bleibt,er/sie/es [bleiben],Präsens
kennst,du [kennen],Präsens
hat geheiratet,heiraten,Perfekt (zB hat gemacht / ist gegangen)
hilft,er/sie/es [helfen],Präsens
steht auf,er/sie/es [aufstehen],Präsens
badet,ihr [baden],Präsens
liegen,sie/Sie [liegen],Präsens
füttere,ich [füttern],Präsens
spreche,ich [sprechen],Präsens
glauben,sie/Sie [glauben],Präsens
der Anzug,the suit,Kleidung
die Kaffeemaschine,The coffee machine,Haus
ruft an,ihr [anrufen],Präsens
Vereinigtes Königreich,United Kingdom,Geographie/Kultur
räumt weg,ihr [wegräumen],Präsens
radierst,du [radieren],Präsens
untersuchen,Die Ärztin wird das Gelenk gründlich ___.,die Gesundheit (A2)
das Handtuch,the towel,Kleidung
die Wurst,the sausage,Essen
hat mitgemacht,mitmachen,Perfekt (zB hat gemacht / ist gegangen)
der Bus,the bus,Verkehrsmittel
die Muskeln,the muscles,der Körper
schreiben,sie/Sie [schreiben],Präsens
der Sondermüll,hazardous waste,Stadt
suchen,wir [suchen],Präsens
die Gabel,the fork,Haus
hat gedacht,denken,Perfekt (zB hat gemacht / ist gegangen)
die Regel,the rule,Wissen
seht fern,ihr [fernsehen],Präsens
stehe auf,ich [aufstehen],Präsens
erklärst,du [erklären],Präsens
die Handschuhe,the gloves,Kleidung
siehst,du [sehen],Präsens
Tische,tables,Haus
das Papier,The paper,Arbeit
kaputt,broken,Adjektive
bringen mit,wir [mitbringen],Präsens
zeichnest,du [zeichnen],Präsens
schreibt,ihr [schreiben],Präsens
bieten an,wir [anbieten],Präsens
bilden,to form (a sentence),Infinitiv
hat gesungen,singen,Perfekt (zB hat gemacht / ist gegangen)
ist aufgestanden,aufstehen,Perfekt (zB hat gemacht / ist gegangen)
steige,ich [steigen],Präsens
versteht,ihr [verstehen],Präsens
schaut an,er/sie/es [anschauen],Präsens
fliegen,sie/Sie [fliegen],Präsens
die Ausstellung,the exhibition,Stadt
der Paradeiser,the tomato,Essen
breche,ich [brechen],Präsens
hat gemacht,machen,Perfekt (zB hat gemacht / ist gegangen)
öffne,ich [öffnen],Präsens
fahrt ab,ihr [abfahren],Präsens
geht aus,ihr [ausgehen],Präsens
der Joghurt,the yogurt,Essen
schließen,sie/Sie [schließen],Präsens
kauft ein,ihr [einkaufen],Präsens
studiere,ich [studieren],Präsens
sagen,sie/Sie [sagen],Präsens
sagen,wir [sagen],Präsens
kommen an,sie/Sie [ankommen],Präsens
ziehe aus,ich [ausziehen],Präsens
der Müllcontainer,waste container,Stadt
üben,wir [üben],Präsens
hat telefoniert,telefonieren,Perfekt (zB hat gemacht / ist gegangen)
bietest,du [bieten],Präsens
beten,to pray,Infinitiv
der Markt,the market,Stadt
treffen,to meet,Infinitiv
besucht,er/sie/es [besuchen],Präsens
siehst fern,du [fernsehen],Präsens
Ägypten,Egypt,Geographie/Kultur
Australien,Australia,Geographie/Kultur
Papas,dads,Personen
Belgien,Belgium,Geographie/Kultur
ziehen,sie/Sie [ziehen],Präsens
empfiehlt,er/sie/es [empfehlen],Präsens
die Schwester,the sister,die Familie
retten,wir [retten],Präsens
treffe,ich [treffen],Präsens
fange an,ich [anfangen],Präsens
passiert,er/sie/es [passieren],Präsens
hat gelernt,lernen,Perfekt (zB hat gemacht / ist gegangen)
Sprachen,languages,Geographie/Kultur
einfach,simple,Adjektive
liest,du [lesen],Präsens
treffen,wir [treffen],Präsens
hat geputzt,putzen,Perfekt (zB hat gemacht / ist gegangen)
Spanien,Spain,Geographie/Kultur
hat motiviert,motivieren,Perfekt (zB hat gemacht / ist gegangen)
das Bein,the leg,der Körper
fragen,sie/Sie [fragen],Präsens
möchten,I would like to (infinitive),Infinitiv
Stiegen,staircases,Haus
empfangt,ihr [empfangen],Präsens
das Erdgeschoss,the ground floor,Stadt
aufgeregt,excited,Adjektive
esse,ich [essen],Präsens
fahren,sie/Sie [fahren],Präsens
das Öl,the oil,Essen
bringe mit,ich [mitbringen],Präsens
füttern,sie/Sie [füttern],Präsens
werft,ihr [werfen],Präsens
die Ehefrau,the wife,die Familie
liebt,ihr [lieben],Präsens
liegt,ihr [liegen],Präsens
die Sprache,the language,Geographie/Kultur
gehören,wir [gehören],Präsens
fasten,wir [fasten],Präsens
die Brust,the chest / breast,der Körper
sinkt,er/sie/es [sinken],Präsens
radieren,to erase,Infinitiv
Löffel,spoons,Haus
räumst auf,du [aufräumen],Präsens
ist zurückgekommen,zurückkommen,Perfekt (zB hat gemacht / ist gegangen)
die Unterwäsche,the underwear,Kleidung
übt,ihr [üben],Präsens
studierst,du [studieren],Präsens
ist gefahren,fahren,Perfekt (zB hat gemacht / ist gegangen)
zeichnen,sie/Sie [zeichnen],Präsens
atmen,wir [atmen],Präsens
gelenk,Mein Knie___ schmerzt beim Gehen.,die Gesundheit (A2)
ziehen aus,sie/Sie [ausziehen],Präsens
ausmachen,"to turn off, to make a difference",Infinitiv
lauft,ihr [laufen],Präsens
die Eltern,the parents,die Familie
verbieten,to forbid,Infinitiv
faste,ich [fasten],Präsens
das Kind,the child,Personen
die Haltegriffe,handrails,Verkehrsmittel
laden ein,sie/Sie [einladen],Präsens
bietet,ihr [bieten],Präsens
lernt,er/sie/es [lernen],Präsens
zieht aus,ihr [ausziehen],Präsens
reservieren,to reserve,Infinitiv
studieren,to study (at university),Infinitiv
ist ausgegangen,ausgehen,Perfekt (zB hat gemacht / ist gegangen)
ziehst aus,du [ausziehen],Präsens
hat gesucht,suchen,Perfekt (zB hat gemacht / ist gegangen)
ist gesessen,sitzen,Perfekt (zB hat gemacht / ist gegangen)
bietet an,ihr [anbieten],Präsens
schlafen ein,sie/Sie [einschlafen],Präsens
Biere,beers,Essen
ist aufgestanden,aufstehen,Perfekt (zB hat gemacht / ist gegangen)
Überweisung,Der Hausarzt gab mir eine ___ zum Kardiologen.,die Gesundheit (A2)
hat erlebt,erleben,Perfekt (zB hat gemacht / ist gegangen)
das Salz,the salt,Essen
bietet an,er/sie/es [anbieten],Präsens
schauen an,sie/Sie [anschauen],Präsens
die Cousine,the (female) cousin,die Familie
hält,er/sie/es [halten],Präsens
kommen an,wir [ankommen],Präsens
verheiratet,married,Adjektive
die Vakzine,the vaccine,Gesunheit
bildest,du [bilden],Präsens
ziehen,wir [ziehen],Präsens
Orte,towns,Geographie/Kultur
gehören,sie/Sie [gehören],Präsens
anfangen,to start,Infinitiv
schaut an,ihr [anschauen],Präsens
brechen,sie/Sie [brechen],Präsens
laden ein,wir [einladen],Präsens
der Lohn,wage (for workers),Arbeit
Küchen,cakes,Haus
studieren,sie/Sie [studieren],Präsens
unterschreiben,sie/Sie [unterschreiben],Präsens
der Mistkübel,trash bin (austrian german),Stadt
steigen,to climb,Infinitiv
ist gesprungen,springen,Perfekt (zB hat gemacht / ist gegangen)
die Brille,the glasses,Kleidung
der Reis,the rice,Essen
spiele,ich [spielen],Präsens
die Sandalen,the sandals,Kleidung
sinkt,ihr [sinken],Präsens
leben,wir [leben],Präsens
geben,sie/Sie [geben],Präsens
zahle,ich [zahlen],Präsens
das Taxi,the taxi,Verkehrsmittel
ist eingeschlafen,einschlafen,Perfekt (zB hat gemacht / ist gegangen)
redet,ihr [reden],Präsens
gehe aus,ich [ausgehen],Präsens
der Tisch,The table,Haus
liest,er/sie/es [lesen],Präsens
brauchen,to need,Infinitiv
radieren,wir [radieren],Präsens
kennen,wir [kennen],Präsens
anziehen,to put on (clothes),Infinitiv
Juli,July,Tag und Zeit
spielen,wir [spielen],Präsens
liegst,du [liegen],Präsens
ausschauen,"to look out, to appear",Infinitiv
verlieren,to lose,Infinitiv
bleibst,du [bleiben],Präsens
sage,ich [sagen],Präsens
der Zucker,the sugar,Essen
wartet,er/sie/es [warten],Präsens
werfen,sie/Sie [werfen],Präsens
hat gehört,hören,Perfekt (zB hat gemacht / ist gegangen)
erzählt,ihr [erzählen],Präsens
der Kuchen,the cake,Essen
rede,ich [reden],Präsens
der Elefant,the elephant,Tiere
mache,ich [machen],Präsens
das Kinn,the chin,der Körper
die Hose,the pants/trousers,Kleidung
springst,du [springen],Präsens
warten,wir [warten],Präsens
der Gürtel,the belt,Kleidung
das Schwimmbad,the swimming pool,Stadt
waschen,to wash,Infinitiv
der Ehemann,the husband,die Familie
zahlst,du [zahlen],Präsens
schließt,du [schließen],Präsens
nennen,"to name, to call",Infinitiv
stehen auf,wir [aufstehen],Präsens
erzählst,du [erzählen],Präsens
sprechen,wir [sprechen],Präsens
baden,sie/Sie [baden],Präsens
ausziehen,to take off (clothes)/to move out (of a house),Infinitiv
kennen,"to know (a person, place)",Infinitiv
fange,ich [fangen],Präsens
lachen,wir [lachen],Präsens
trinken,sie/Sie [trinken],Präsens
trinken,to drink,Infinitiv
analysiert,ihr [analysieren],Präsens
lebe,ich [leben],Präsens
Impfung,Die ___ schützt vor gefährlichen Krankheiten.,die Gesundheit (A2)
gehöre,ich [gehören],Präsens
werdet,ihr [werden],Präsens
sucht,er/sie/es [suchen],Präsens
bilden,sie/Sie [bilden],Präsens
studieren,wir [studieren],Präsens
streiten,to argue,Infinitiv
nehmt,ihr [nehmen],Präsens
stehen,to stand,Infinitiv
dunkel,dark,Adjektive
lieben,wir [lieben],Präsens
triffst,du [treffen],Präsens
fotografiert,ihr [fotografieren],Präsens
gehen,wir [gehen],Präsens
der Wasserkocher,the water boiler,Essen
die Schätzung,estimate,Wissen
die Zukunft,the future,Politk
normal,normal,Adjektive
hat geantwortet,antworten,Perfekt (zB hat gemacht / ist gegangen)
renne,ich [rennen],Präsens
die Planze,the plant,Haus
lest,ihr [lesen],Präsens
der Salat,the salad,Essen
messt,ihr [messen],Präsens
Serbien,Serbia,Geographie/Kultur
klein,small,Adjektive
die Postleitzahl,the postcode,Kontaktdaten
fliegst,du [fliegen],Präsens
singen,sie/Sie [singen],Präsens
fasten,sie/Sie [fasten],Präsens
arbeitest,du [arbeiten],Präsens
stecken,"to put, to stick",Infinitiv
bilden,wir [bilden],Präsens
fangen an,wir [anfangen],Präsens
wandert,er/sie/es [wandern],Präsens
möchtest,du [möchten],Präsens
lachen,sie/Sie [lachen],Präsens
die Bedeutung,the meaning,Wissen
der Reiskocher,the rice cooker,Haus
die Heizung,the heating,Haus
Februar,February,Tag und Zeit
der Radiergummi,the eraser,Schule
verbiete,ich [verbieten],Präsens
springt,er/sie/es [springen],Präsens
weinen,to cry,Infinitiv
der Kopf,the head,der Körper
aufstehen,to get up,Infinitiv
der Großvater,the grandfather,die Familie
hilfreich,helpful,Adjektive
gibst,du [geben],Präsens
der Kindergarten,the Kindergarten,Stadt
Freitag,Friday,Tag und Zeit
der Löffel,the spoon,Haus
Japan,Japan,Geographie/Kultur
die Birne,the pear,Essen
telefonierst,du [telefonieren],Präsens
Autos,cars,Verkehrsmittel
kaufe ein,ich [einkaufen],Präsens
findet,er/sie/es [finden],Präsens
die Verkäuferin,the female seller,Supermarkt
streitet,er/sie/es [streiten],Präsens
die Schere,the scissors,Schule
malt,ihr [malen],Präsens
verlierst,du [verlieren],Präsens
Facharzt,Ich habe einen Termin beim ___ für Hautkrankheiten.,die Gesundheit (A2)
das Stück,the piece,Essen
die Wanderung,migration,Wanderung
Island,Iceland,Geographie/Kultur
der Nacken,the nape,der Körper
sitzen,to sit,Infinitiv
die Tür,The door,Haus
stehen,sie/Sie [stehen],Präsens
die Niederlande,Netherlands,Geographie/Kultur
telefoniere,ich [telefonieren],Präsens
schlecht,bad,Adjektive
schwer,heavy,Adjektive
schläft ein,er/sie/es [einschlafen],Präsens
die Nase,the nose,der Körper
sehen fern,wir [fernsehen],Präsens
ist geblieben,bleiben,Perfekt (zB hat gemacht / ist gegangen)
die Uhr,The clock,Tag und Zeit
die Flasche,The bottle,Supermarkt
der Kasten,The wardrobe,Haus
der Sessel,the sofa chair,Haus
denke,ich [denken],Präsens
das Vorstellungsgespräch,the job interview,Arbeit
beginnen,wir [beginnen],Präsens
das Wohnmobil,the RV,Verkehrsmittel
die Haut,the skin,der Körper
steigen,sie/Sie [steigen],Präsens
analyzeren,to analyze,Infinitiv
der Tag,The day,Tag und Zeit
zeigen,to show,Infinitiv
fern,far,Adjektive
warten,sie/Sie [warten],Präsens
hat gefragt,fragen,Perfekt (zB hat gemacht / ist gegangen)
kostet,er/sie/es [kosten],Präsens
sehen fern,sie/Sie [fernsehen],Präsens
der Name,the name,Personen
hat gewusst,wissen,Perfekt (zB hat gemacht / ist gegangen)
kopieren,sie/Sie [kopieren],Präsens
alt,old,Adjektive
buchstabieren,sie/Sie [buchstabieren],Präsens
ankommen,to arrive,Infinitiv
hat gehört,gehören,Perfekt (zB hat gemacht / ist gegangen)
die Menschen,people,Personen
hat geliebt,lieben,Perfekt (zB hat gemacht / ist gegangen)
der Rücken,the back,der Körper
füttert,ihr [füttern],Präsens
der Ball,the ball,Sport
zeigen,wir [zeigen],Präsens
die Ohrringe,the earrings,Kleidung
das Bier,the beer,Supermarkt
die Großmutter / die Oma,the grandmother,die Familie
bedeuten,wir [bedeuten],Präsens
zahlen,to pay,Infinitiv
das Unternehmen,the company,Arbeit
der Saudi-Arabien,Saudi Arabia,Geographie/Kultur
brechen,to break,Infinitiv
hat gelesen,lesen,Perfekt (zB hat gemacht / ist gegangen)
kopieren,to copy,Infinitiv
isst,du [essen],Präsens
das Motorrad,the motorbike,Verkehrsmittel
weinen,wir [weinen],Präsens
buchen,to book,Infinitiv
der Fuß,the foot,der Körper
zeigen,sie/Sie [zeigen],Präsens
die Bundesländer,federal states,Geographie/Kultur
hat gekostet,kosten,Perfekt (zB hat gemacht / ist gegangen)
hat geschrieben,schreiben,Perfekt (zB hat gemacht / ist gegangen)
fahren ab,sie/Sie [abfahren],Präsens
die List,the list,Schule
Spitzer,sharpeners,Schule
kopiere,ich [kopieren],Präsens
Mamas,moms,Personen
räumen weg,wir [wegräumen],Präsens
der Krieg,the war,Politk
die Frage,the question,Wissen
der Frühling ,The spring,Tag und Zeit
die Knochen,the bones,der Körper
brennen,to burn,Infinitiv
vorstellen,"to introduce, to imagine",Infinitiv
der Zahn,the tooth,der Körper
November,November,Tag und Zeit
der Grund,reason,Wissen
glaubt,ihr [glauben],Präsens
schlafen,to sleep,Infinitiv
rechne,ich [rechnen],Präsens
weinen,sie/Sie [weinen],Präsens
geschieden,divorced,Adjektive
gehen weg,sie/Sie [weggehen],Präsens
der Computer,The computer,Arbeit
der Iran,Iran,Geographie/Kultur
sieht fern,er/sie/es [fernsehen],Präsens
hat verloren,verlieren,Perfekt (zB hat gemacht / ist gegangen)
höflich,polite,Adjektive
hat geschlossen,schließen,Perfekt (zB hat gemacht / ist gegangen)
das Packerl,the packet (small),Supermarkt
weich,soft,Adjektive
falle,ich [fallen],Präsens
studiert,ihr [studieren],Präsens
die Lunge,the lung,der Körper
hat weggeräumt,wegräumen,Perfekt (zB hat gemacht / ist gegangen)
die Großeltern,the grandparents,die Familie
erkläre,ich [erklären],Präsens
radiert,ihr [radieren],Präsens
räumt weg,er/sie/es [wegräumen],Präsens
August,August,Tag und Zeit
hat gegessen,essen,Perfekt (zB hat gemacht / ist gegangen)
demonstriere,ich [demonstrieren],Präsens
die Wohnung,the apartment,Haus
erklärt,er/sie/es [erklären],Präsens
singst,du [singen],Präsens
das Bier,the beer,Essen
fährst,du [fahren],Präsens
gehen aus,sie/Sie [ausgehen],Präsens
die Lust,desire,Wissen
der Bildschirm,the screen,Tech
der Nagel,the nail,der Körper
abreisen,to depart,Infinitiv
wiederholt,er/sie/es [wiederholen],Präsens
ladet ein,ihr [einladen],Präsens
das Knie,the knee,der Körper
hat begonnen,beginnen,Perfekt (zB hat gemacht / ist gegangen)
springen,sie/Sie [springen],Präsens
hat abgeholt,abholen,Perfekt (zB hat gemacht / ist gegangen)
frage,ich [fragen],Präsens
der Platz,the square,Stadt
das Rotes Kreuze,Red Cross,Stadt
aufräumen,to tidy up,Infinitiv
anrufen,to call,Infinitiv
schlagen,sie/Sie [schlagen],Präsens
der Zoo,The zoo,Stadt
hat angeboten,anbieten,Perfekt (zB hat gemacht / ist gegangen)
kaufen ein,wir [einkaufen],Präsens
fragen,wir [fragen],Präsens
sitzt,er/sie/es [sitzen],Präsens
hat geübt,üben,Perfekt (zB hat gemacht / ist gegangen)
in der Früh,in the early morning,Tag und Zeit
denken,to think,Infinitiv
schreibe,ich [schreiben],Präsens
ist gefallen,fallen,Perfekt (zB hat gemacht / ist gegangen)
hat gewaschen,waschen,Perfekt (zB hat gemacht / ist gegangen)
wäscht,er/sie/es [waschen],Präsens
der Kühlschrank,The fridge,Haus
kommst,du [kommen],Präsens
erklären,sie/Sie [erklären],Präsens
heiß,hot,Adjektive
hat gesagt,sagen,Perfekt (zB hat gemacht / ist gegangen)
Schlüssel,keys,Haus
putzt,du [putzen],Präsens
die Notbremsung,emergency brake,Verkehrsmittel
hat gespielt,spielen,Perfekt (zB hat gemacht / ist gegangen)
das Auto,the car,Verkehrsmittel
fragst,du [fragen],Präsens
zieht an,ihr [anziehen],Präsens
streitest,du [streiten],Präsens
wartest,du [warten],Präsens
wohnt,er/sie/es [wohnen],Präsens
sprechen,to speak,Infinitiv
die Apotheke,the pharmacy,Stadt
schließe,ich [schließen],Präsens
einschlafen,to fall asleep,Infinitiv
fliege,ich [fliegen],Präsens
die Tochter,the daughter,die Familie
bleiben,sie/Sie [bleiben],Präsens
hat gemocht,möchten,Perfekt (zB hat gemacht / ist gegangen)
ziehst an,du [anziehen],Präsens
fährst los,du [losfahren],Präsens
die Schulter,the shoulder,der Körper
Nächte,nights,Tag und Zeit
warm,warm,Adjektive
passieren,sie/Sie [passieren],Präsens
essen,to eat,Infinitiv
der Käse,the cheese,Essen
laut,loud,Adjektive
kosten,to cost,Infinitiv
die Tante,the aunt,die Familie
analysierst,du [analysieren],Präsens
gefallen,to like,Infinitiv
Adressen,addresses,Kontaktdaten
ist gestiegen,steigen,Perfekt (zB hat gemacht / ist gegangen)
waschen,sie/Sie [waschen],Präsens
läufst,du [laufen],Präsens
trinkt,ihr [trinken],Präsens
kündigen,"to quit, to resign",Infinitiv
hilfst,du [helfen],Präsens
frühstückt,ihr [frühstücken],Präsens
studiert,er/sie/es [studieren],Präsens
habe dabei,ich [dabeihaben],Präsens
atmest,du [atmen],Präsens
das Meer,sea,Natur
kommen,to come,Infinitiv
der Neffe,the nephew,die Familie
hat vergessen,vergessen,Perfekt (zB hat gemacht / ist gegangen)
die Sprache,the language,Geographie/Kultur
der Schal,the scarf,Kleidung
ausgehen,to go out,Infinitiv
das Fahrrad,the bike,Verkehrsmittel
die Nudeln,the noodles,Essen
der Rücken,the back,der Körper
fragt,ihr [fragen],Präsens
die Bar,the bar,Stadt
stehe,ich [stehen],Präsens
nehmen,wir [nehmen],Präsens
schön,nice,Adjektive
gehen aus,wir [ausgehen],Präsens
finden,to find,Infinitiv
die Handtasche,The purse,Kleidung
hat gewonnen,gewinnen,Perfekt (zB hat gemacht / ist gegangen)
streiten,sie/Sie [streiten],Präsens
rettest,du [retten],Präsens
öffnet,er/sie/es [öffnen],Präsens
die Dose,the can,Supermarkt
Sonntag,Sunday,Tag und Zeit
läuft,er/sie/es [laufen],Präsens
Mangos,mangoes,Essen
die Zunge,the tongue,der Körper
machen mit,sie/Sie [mitmachen],Präsens
Wörter,words,Wissen
spricht,er/sie/es [sprechen],Präsens
der Pfeffer,the pepper,Essen
die Zähne,the teeth,der Körper
gehst aus,du [ausgehen],Präsens
der Punkt,"the dot, period",Schule
die Ergebnisse,the results,Arbeit
hat fotografiert,fotografieren,Perfekt (zB hat gemacht / ist gegangen)
nah,close,Adjektive
malt,er/sie/es [malen],Präsens
tragen,wir [tragen],Präsens
das Bein,the leg,der Körper
genervt,annoyed,Adjektive
befristet,temporary,Adjektive
hat geholfen,helfen,Perfekt (zB hat gemacht / ist gegangen)
lade ein,ich [einladen],Präsens
hat notiert,notieren,Perfekt (zB hat gemacht / ist gegangen)
rechnen,sie/Sie [rechnen],Präsens
springt,ihr [springen],Präsens
die Blume,flower,Natur
weiß,ich [wissen],Präsens
das Notizbuch,The notebook,Haus
leicht,light,Adjektive
fährt,er/sie/es [fahren],Präsens
demonstrierst,du [demonstrieren],Präsens
der Termin,the appointment,Arbeit
lachst,du [lachen],Präsens
wiederholst,du [wiederholen],Präsens
lesen,wir [lesen],Präsens
lacht,er/sie/es [lachen],Präsens
gehst weg,du [weggehen],Präsens
gefalle,ich [gefallen],Präsens
die Allergie,the allergy,Gesunheit
der Monat,the month,Tag und Zeit
antwortest,du [antworten],Präsens
spielen,sie/Sie [spielen],Präsens
die Bank,The bank,Stadt
die Geschwister,the siblings,die Familie
weggehen,to go away,Infinitiv
zählt,er/sie/es [zählen],Präsens
Säfte,juices,Essen
die Schülerin,the (female) student,Schule
demonstriert,er/sie/es [demonstrieren],Präsens
wählt,ihr [wählen],Präsens
wohne,ich [wohnen],Präsens
Patientenbogen,Bitte füllen Sie zuerst den ___ aus.,die Gesundheit (A2)
das Ergebnis,the result,Arbeit
stehst auf,du [aufstehen],Präsens
möchtet,ihr [möchten],Präsens
das Fenster,The window,Haus
unterschreiben,to sign,Infinitiv
500 Gramm,500 grams,Supermarkt
betet,er/sie/es [beten],Präsens
malen,sie/Sie [malen],Präsens
machen,sie/Sie [machen],Präsens
die Blumen,flowers,Natur
zurückkommen,to come back,Infinitiv
weiß,er/sie/es [wissen],Präsens
der Großvater (Opa),the grandfather,die Familie
trinkt,er/sie/es [trinken],Präsens
wascht,ihr [waschen],Präsens
kommst zurück,du [zurückkommen],Präsens
warten,to wait,Infinitiv
die Milch,the milk,Essen
die Arme,the arms,der Körper
hat kopiert,kopieren,Perfekt (zB hat gemacht / ist gegangen)
verbietet,er/sie/es [verbieten],Präsens
laufen,sie/Sie [laufen],Präsens
antworten,to answer,Infinitiv
das Schiff,the ship,Verkehrsmittel
passiert,ihr [passieren],Präsens
hat gestanden,stehen,Perfekt (zB hat gemacht / ist gegangen)
das Sofa,The sofa,Haus
halten,"to stop, to hold",Infinitiv
wäschst,du [waschen],Präsens
der Bruder,the brother,die Familie
Polen,Poland,Geographie/Kultur
erlebst,du [erleben],Präsens
atmen,sie/Sie [atmen],Präsens
beten,wir [beten],Präsens
die Hände,the hands,der Körper
singt,ihr [singen],Präsens
kochst,du [kochen],Präsens
das Gebäck,the backed products,Essen
fängt an,er/sie/es [anfangen],Präsens
malen,wir [malen],Präsens
unpünktlich,unpunctual,Adjektive
passieren,wir [passieren],Präsens
das Amt,the government office,Stadt
Scheren,scissors (plural),Schule
öffnen,wir [öffnen],Präsens
baden,to bath,Infinitiv
ziehen an,wir [anziehen],Präsens
wenig,a few,Adjektive
die Nichte,the niece,die Familie
demonstrieren,sie/Sie [demonstrieren],Präsens
atme,ich [atmen],Präsens
der Stock,the floor (of a building),Stadt
haltet,ihr [halten],Präsens
denken,sie/Sie [denken],Präsens
Computer,computers,Arbeit
das Sonderangebot,the offer,Geld
bleiben,to stay,Infinitiv
gehörst,du [gehören],Präsens
Salate,salads,Essen
rennt,ihr [rennen],Präsens
der Herbst,The autumn,Tag und Zeit
zieht an,er/sie/es [anziehen],Präsens
beginnen,to begin,Infinitiv
rennen,to run,Infinitiv
schließt,er/sie/es [schließen],Präsens
die Nichte,the niece,die Familie
fastest,du [fasten],Präsens
die Tankstelle,the gas station,Verkehrsmittel
der Drucker,the printer,Tech
findet,ihr [finden],Präsens
sehen,to see,Infinitiv
in der Nacht,At night,Tag und Zeit
der Sperrmüll,bulky waste,Stadt
hat demonstriert,demonstrieren,Perfekt (zB hat gemacht / ist gegangen)
Fragen,questions,Wissen
schlagen,wir [schlagen],Präsens
geht weg,ihr [weggehen],Präsens
frühstücke,ich [frühstücken],Präsens
glauben,to believe,Infinitiv
haben dabei,wir [dabeihaben],Präsens
ist gewandert,wandern,Perfekt (zB hat gemacht / ist gegangen)
hat gemalt,malen,Perfekt (zB hat gemacht / ist gegangen)
schwimmst,du [schwimmen],Präsens
schlafen,wir [schlafen],Präsens
ergänze,ich [ergänzen],Präsens
kocht,ihr [kochen],Präsens
telefonieren,sie/Sie [telefonieren],Präsens
lieben,sie/Sie [lieben],Präsens
ist geschwommen,schwimmen,Perfekt (zB hat gemacht / ist gegangen)
kommt zurück,ihr [zurückkommen],Präsens
fernsehen,to watch television,Infinitiv
leben,to live (alive),Infinitiv
vergessen,wir [vergessen],Präsens
bedeuten,to mean,Infinitiv
arbeiten,to work,Infinitiv
suchst,du [suchen],Präsens
bete,ich [beten],Präsens
kaufen ein,sie/Sie [einkaufen],Präsens
höre,ich [hören],Präsens
trinke,ich [trinken],Präsens
wählst,du [wählen],Präsens
helfen,wir [helfen],Präsens
kommt,er/sie/es [kommen],Präsens
Karten,cards,Geld
der Kunde,the male client,Supermarkt
hat eingeladen,einladen,Perfekt (zB hat gemacht / ist gegangen)
vergessen,to forget,Infinitiv
vergessen,sie/Sie [vergessen],Präsens
die Füße,the feet,der Körper
jung,young,Adjektive
heiraten,to marry,Infinitiv
singe,ich [singen],Präsens
lernen,to learn,Infinitiv
Dezember,December,Tag und Zeit
hat ferngesehen,fernsehen,Perfekt (zB hat gemacht / ist gegangen)
die Fisolen,the green beans,Essen
Portugal,Portugal,Geographie/Kultur
hat storniert,stornieren,Perfekt (zB hat gemacht / ist gegangen)
steigen,wir [steigen],Präsens
hat gewohnt,wohnen,Perfekt (zB hat gemacht / ist gegangen)
schlagt,ihr [schlagen],Präsens
isst,er/sie/es [essen],Präsens
erlebt,ihr [erleben],Präsens
machst mit,du [mitmachen],Präsens
erklären,to explain,Infinitiv
Minuten,minutes,Tag und Zeit
die Enkelin,the granddaughter,die Familie
räumen weg,sie/Sie [wegräumen],Präsens
rechnet,er/sie/es [rechnen],Präsens
das Gemüse,the vegetables,Essen
passiere,ich [passieren],Präsens
wandern,sie/Sie [wandern],Präsens
kommt zurück,er/sie/es [zurückkommen],Präsens
macht,ihr [machen],Präsens
retten,sie/Sie [retten],Präsens
empfehle,ich [empfehlen],Präsens
trinkst,du [trinken],Präsens
hat gezeigt,zeigen,Perfekt (zB hat gemacht / ist gegangen)
treffen,sie/Sie [treffen],Präsens
brauchen,sie/Sie [brauchen],Präsens
der Apfel,the apple,Essen
der Nachtisch,the dessert,Essen
wartest,du [warten],Präsens
tanzen,sie/Sie [tanzen],Präsens
hat geschlagen,schlagen,Perfekt (zB hat gemacht / ist gegangen)
hat geredet,reden,Perfekt (zB hat gemacht / ist gegangen)
sauber,clean,Adjektive
hat geschlafen,schlafen,Perfekt (zB hat gemacht / ist gegangen)
leise,quiet,Adjektive
anklicken,to click on,Infinitiv
verlieren,to lose,Infinitiv
wähle,ich [wählen],Präsens
Kinder,children,Personen
die Semmel,the Austrian basic bread bun,Essen
hat gefrühstückt,frühstücken,Perfekt (zB hat gemacht / ist gegangen)
zählst,du [zählen],Präsens
fernsehen,to watch television,Infinitiv
der Liter,one liter,Supermarkt
der Saft,the juice,Essen
nehme,ich [nehmen],Präsens
Blutwerte,"Die ___ zeigen, ob man gesund ist.",die Gesundheit (A2)
hört,er/sie/es [hören],Präsens
das Regal,The shelf,Haus
wandern,wir [wandern],Präsens
werfen,to throw,Infinitiv
verlieren,sie/Sie [verlieren],Präsens
der Onkel,the uncle,die Familie
betest,du [beten],Präsens
das Reich,the empire / the realm,Geographie/Kultur
ziehe,ich [ziehen],Präsens
heiratet,er/sie/es [heiraten],Präsens
hat erklärt,erklären,Perfekt (zB hat gemacht / ist gegangen)
sinken,to sink,Infinitiv
die Erde,earth,Geographie/Kultur
füttert,er/sie/es [füttern],Präsens
hat gehalten,halten,Perfekt (zB hat gemacht / ist gegangen)
ergänzen,to complete,Infinitiv
fangen,to catch,Infinitiv
fährst ab,du [abfahren],Präsens
wasche,ich [waschen],Präsens
die Bahn,the railway,Verkehrsmittel
die Gruppe,the group,Personen
kochen,wir [kochen],Präsens
öffnen,sie/Sie [öffnen],Präsens
die Banane,the banana,Essen
empfangen,sie/Sie [empfangen],Präsens
geht weg,er/sie/es [weggehen],Präsens
das Handy,The phone,Tech
der Nachbar,the neighbor,Haus
der Kurs,the course,Schule
gehen,to go,Infinitiv
der Bahnhof,the train station,Stadt
braucht,ihr [brauchen],Präsens
geht aus,er/sie/es [ausgehen],Präsens
kaufen,to buy,Infinitiv
das Vitamin,the vitamin,Gesunheit
antworte,ich [antworten],Präsens
der Papierkorb,paper basket,Stadt
fällt,er/sie/es [fallen],Präsens
möchten,sie/Sie [möchten],Präsens
fallt,ihr [fallen],Präsens
das Rezept,the recipe,Essen
fangt,ihr [fangen],Präsens
wartet,er/sie/es [warten],Präsens
schwimmen,wir [schwimmen],Präsens
bieten,wir [bieten],Präsens
zahlt,ihr [zahlen],Präsens
essen,wir [essen],Präsens
braucht,er/sie/es [brauchen],Präsens
hat nostrifiziert,nostrifizieren,Perfekt (zB hat gemacht / ist gegangen)
die Schweiz,Switzerland,Geographie/Kultur
sagt,ihr [sagen],Präsens
der Spitzer,the sharpener,Schule
der Kugelschreiber,the pen,Schule
arbeite,ich [arbeiten],Präsens
selbstbewusst,self-confident,Adjektive
empfange,ich [empfangen],Präsens
fragen,to ask,Infinitiv
die Ukraine,Ukraine,Geographie/Kultur
fütteren,to feed,Infinitiv
verwirrend,confusing,Adjektive
hat gelegen,liegen,Perfekt (zB hat gemacht / ist gegangen)
unterschreiben,wir [unterschreiben],Präsens
demonstrieren,wir [demonstrieren],Präsens
helft,ihr [helfen],Präsens
Toiletten,toilets,Haus
misst,du [messen],Präsens
zählen,to count,Infinitiv
Bahnhöfe,train stations,Stadt
zieht,ihr [ziehen],Präsens
stehe auf,ich [aufstehen],Präsens
reden,sie/Sie [reden],Präsens
trocken,dry,Adjektive
kopierst,du [kopieren],Präsens
schließen,to close,Infinitiv
hat eingekauft,einkaufen,Perfekt (zB hat gemacht / ist gegangen)
sinken,wir [sinken],Präsens
bleibe,ich [bleiben],Präsens
frühstückt,er/sie/es [frühstücken],Präsens
hat verboten,verbieten,Perfekt (zB hat gemacht / ist gegangen)
frühstücken,sie/Sie [frühstücken],Präsens
gebe,ich [geben],Präsens
der Regen,the rain,Tag und Zeit
verwerten,"to utilize, to recycle",Infinitiv
laufe,ich [laufen],Präsens
fliegen,to fly,Infinitiv
ist abgefahren,abfahren,Perfekt (zB hat gemacht / ist gegangen)
steigt,ihr [steigen],Präsens
hat gelebt,leben,Perfekt (zB hat gemacht / ist gegangen)
wählen,sie/Sie [wählen],Präsens
hat geöffnet,öffnen,Perfekt (zB hat gemacht / ist gegangen)
die Belohnung,reward,Arbeit
steht,ihr [stehen],Präsens
das Blut,the blood,der Körper
verbietest,du [verbieten],Präsens
ergänzt,du [ergänzen],Präsens
zeige,ich [zeigen],Präsens
denken,to think,Infinitiv
fallen,wir [fallen],Präsens
die Stunde,The hour,Tag und Zeit
langsam,slow,Adjektive
das Schild,the sign,Verkehrsmittel
denkt,ihr [denken],Präsens
fallen,sie/Sie [fallen],Präsens
kühl,cool,Adjektive
liege,ich [liegen],Präsens
die Ohren,the ears,der Körper
die Augen,the eyes,der Körper
Blutdruck,Der ___ wird bei jeder Untersuchung gemessen.,die Gesundheit (A2)
verlieren,wir [verlieren],Präsens
drucken,to print,Infinitiv
erzählen,to tell,Infinitiv
zählt,ihr [zählen],Präsens
heirate,ich [heiraten],Präsens
wissen,wir [wissen],Präsens
öffnest,du [öffnen],Präsens
das Wort,the word,Wissen
besuchen,wir [besuchen],Präsens
die Gründe,reasons,Wissen
vorziehen,to prefer,Infinitiv
erzähle,ich [erzählen],Präsens
kommt an,er/sie/es [ankommen],Präsens
die Mutter,the mother,die Familie
kennen,to know (a person or place),Infinitiv
der Kosovo,Kosovo,Geographie/Kultur
möchte,er/sie/es [möchten],Präsens
das Mitglied,the member,Politk
heiratest,du [heiraten],Präsens
selbstsicher,self-assured,Adjektive
Spritze,Der Arzt gibt dem Kind eine ___ gegen Grippe.,die Gesundheit (A2)
viel,a lot,Adjektive
die Finger,the fingers,der Körper
Vereinigte Staaten,United States,Geographie/Kultur
wohnen,wir [wohnen],Präsens
schauen an,wir [anschauen],Präsens
zeichnet,er/sie/es [zeichnen],Präsens
atmet,ihr [atmen],Präsens
Mai,May,Tag und Zeit
der Onkel,the uncle,die Familie
fangen an,sie/Sie [anfangen],Präsens
kommt,ihr [kommen],Präsens
halten,sie/Sie [halten],Präsens
das Zimmer,the room,Haus
Krankheit,Die ___ wird durch Bakterien verursacht und erfordert eine Antibiotikabehandlung.,die Gesundheit (A2)
rettet,er/sie/es [retten],Präsens
misst,er/sie/es [messen],Präsens
lacht,ihr [lachen],Präsens
hat gewählt,wählen,Perfekt (zB hat gemacht / ist gegangen)
die Stiefel,the boots,Kleidung
krank,sick,Adjektive
kennt,er/sie/es [kennen],Präsens
sehe fern,ich [fernsehen],Präsens
ist passiert,passieren,Perfekt (zB hat gemacht / ist gegangen)
bilde,ich [bilden],Präsens
glaube,ich [glauben],Präsens
schläft,er/sie/es [schlafen],Präsens
die Baustelle,the construction site,Verkehrsmittel
kaufst,du [kaufen],Präsens
das Spital,the hospital (Austria),Stadt
fragt,er/sie/es [fragen],Präsens
räumst weg,du [wegräumen],Präsens
hat ferngesehen,fernsehen,Perfekt (zB hat gemacht / ist gegangen)
verdienen,to earn,Infinitiv
biete an,ich [anbieten],Präsens
hat genommen,nehmen,Perfekt (zB hat gemacht / ist gegangen)
die Wahl,choice,Wissen
hat verstanden,verstehen,Perfekt (zB hat gemacht / ist gegangen)
analysieren,sie/Sie [analysieren],Präsens
hässlich,not nice,Adjektive
unterschreibe,ich [unterschreiben],Präsens
die Butter,the butter,Essen
fahren,to ride,Infinitiv
das Hauptgericht,the main course,Essen
passieren,to happen,Infinitiv
Impfungen,___ sind wichtig für die Vorbeugung von Infektionen.,die Gesundheit (A2)
losfahren,to set off,Infinitiv
trifft,er/sie/es [treffen],Präsens
schlafe ein,ich [einschlafen],Präsens
wegräumen,to put away,Infinitiv
kauft,ihr [kaufen],Präsens
hat aufgeräumt,aufräumen,Perfekt (zB hat gemacht / ist gegangen)
überrascht,surprised,Adjektive
der Rucksack,the backpack,Kleidung
hat gezeichnet,zeichnen,Perfekt (zB hat gemacht / ist gegangen)
der Mund,the mouth,der Körper
verstehen,wir [verstehen],Präsens
ist gegangen,gehen,Perfekt (zB hat gemacht / ist gegangen)
putzen,to clean,Infinitiv
das Kürbiskernöl,the pumpkin seed oil,Essen
möchten,wir [möchten],Präsens
schnell,fast,Adjektive
gut,good,Adjektive
machen,to do,Infinitiv
der Durchschnitt,average,Arbeit
das Ei,the egg,Essen
der Hunger,the hunger,Sensation
bieten an,sie/Sie [anbieten],Präsens
unterschreibst,du [unterschreiben],Präsens
die Matratze,the mattress,Haus
rufe an,ich [anrufen],Präsens
fotografieren,sie/Sie [fotografieren],Präsens
Mexiko,Mexico,Geographie/Kultur
bringt mit,er/sie/es [mitbringen],Präsens
einkaufen,to go shopping,Infinitiv
Stifte,pencils,Schule
demonstriert,ihr [demonstrieren],Präsens
bleiben,wir [bleiben],Präsens
hat geweint,weinen,Perfekt (zB hat gemacht / ist gegangen)
nehmen,sie/Sie [nehmen],Präsens
die Schokolade,the chocolate,Essen
aufstehen,to get up,Infinitiv
hat ausgezogen,ausziehen,Perfekt (zB hat gemacht / ist gegangen)
trinken,wir [trinken],Präsens
pendeln,to commute,Infinitiv
die Badehose,the swim trunks,Kleidung
bedeuten,sie/Sie [bedeuten],Präsens
verbieten,wir [verbieten],Präsens
hat bedeutet,bedeuten,Perfekt (zB hat gemacht / ist gegangen)
hat aufgegessen,aufessen,Perfekt (zB hat gemacht / ist gegangen)
räumen auf,sie/Sie [aufräumen],Präsens
der Ring,the ring,Kleidung
putze,ich [putzen],Präsens
gefallen,sie/Sie [gefallen],Präsens
lernen,sie/Sie [lernen],Präsens
Kolumbien,Colombia,Geographie/Kultur
liefern,to deliver,Infinitiv
schwimmt,er/sie/es [schwimmen],Präsens
unbefristet,permanent,Adjektive
hat gebetet,beten,Perfekt (zB hat gemacht / ist gegangen)
sehen fern,sie/Sie [fernsehen],Präsens
wirft,er/sie/es [werfen],Präsens
schlafen ein,wir [einschlafen],Präsens
arbeiten,wir [arbeiten],Präsens
finde,ich [finden],Präsens
sagt,er/sie/es [sagen],Präsens
die Pause,the pause,Arbeit
Monate,months,Tag und Zeit
kommen zurück,wir [zurückkommen],Präsens
Ruculas,ruculas,Essen
die Tasse,the cup,Haus
kochen,to cook,Infinitiv
erlebt,er/sie/es [erleben],Präsens
hat gewartet,warten,Perfekt (zB hat gemacht / ist gegangen)
trägt,er/sie/es [tragen],Präsens
schlaft,ihr [schlafen],Präsens
Flaschen,bottles,Haus
die Angestellten,the employees,Arbeit
Dienstag,Tuesday,Tag und Zeit
gehört,er/sie/es [gehören],Präsens
fahre los,ich [losfahren],Präsens
empfehlen,wir [empfehlen],Präsens
rechnet,ihr [rechnen],Präsens
bietet,er/sie/es [bieten],Präsens
wohnt,ihr [wohnen],Präsens
das Ding,the thing (D),Wissen
zahlt,er/sie/es [zahlen],Präsens
hat getanzt,tanzen,Perfekt (zB hat gemacht / ist gegangen)
besuchen,sie/Sie [besuchen],Präsens
wiederhole,ich [wiederholen],Präsens
vergleichen,to compare,Infinitiv
hat gesprochen,sprechen,Perfekt (zB hat gemacht / ist gegangen)
schlaft ein,ihr [einschlafen],Präsens
Bilder,images,Haus
denken,wir [denken],Präsens
stehen,to stand up,Infinitiv
groß,big,Adjektive
die Tastatur,the keyboard,Tech
das Flugzeug,the airplane,Verkehrsmittel
schaue an,ich [anschauen],Präsens
ergänzt,ihr [ergänzen],Präsens
der Schinken,the ham,Essen
anschauen,to look at,Infinitiv
hat angeschaut,anschauen,Perfekt (zB hat gemacht / ist gegangen)
bildet,ihr [bilden],Präsens
wirfst,du [werfen],Präsens
der Regenschirm,the umbrella,Kleidung
suchen,to search,Infinitiv
erlebe,ich [erleben],Präsens
telefonieren,to telephone,Infinitiv
kochen,sie/Sie [kochen],Präsens
der Finger,the finger,der Körper
fütterst,du [füttern],Präsens
wartet,ihr [warten],Präsens
sprecht,ihr [sprechen],Präsens
das Hähnchen,the chicken,Essen
Avocados,avocadoes,Essen
die Verwandte,the relative,die Familie
das Gesicht,the face,der Körper
schlagen,to beat,Infinitiv
der Berzik,Berzik,Stadt
fotografiert,er/sie/es [fotografieren],Präsens
wartet,ihr [warten],Präsens
haben dabei,sie/Sie [dabeihaben],Präsens
die Jeans,the jeans,Kleidung
Omas,grandmas,Personen
zieht aus,er/sie/es [ausziehen],Präsens
schlage,ich [schlagen],Präsens
Taschen,purses,Kleidung
verstehst,du [verstehen],Präsens
hat gekocht,kochen,Perfekt (zB hat gemacht / ist gegangen)
empfangen,to receive,Infinitiv
der Stau,the traffic jam,Verkehrsmittel
kommunizieren,Ärzte und Patienten müssen klar miteinander ___.,die Gesundheit (A2)
steht auf,ihr [aufstehen],Präsens
die Socken,the socks,Kleidung
die Großmutter (Oma),the grandmother,die Familie
erleben,to experience,Infinitiv
kommen,wir [kommen],Präsens
erleben,sie/Sie [erleben],Präsens
gehe weg,ich [weggehen],Präsens
kommen,sie/Sie [kommen],Präsens
hat gekauft,kaufen,Perfekt (zB hat gemacht / ist gegangen)
Bahnen,railways,Verkehrsmittel
fotografiere,ich [fotografieren],Präsens
werde,ich [werden],Präsens
kauft ein,er/sie/es [einkaufen],Präsens
übernachten,to stay overnight,Infinitiv
Allgemeinarzt,Der ___ untersucht täglich viele Patienten.,die Gesundheit (A2)
gehe,ich [gehen],Präsens
die Verspätung,the delay,Tag und Zeit
der Badeanzug,the swimsuit,Kleidung
das Wasser,the water,Essen
kurz,short,Adjektive
weint,ihr [weinen],Präsens
lügen,to lie,Infinitiv
kopiert,er/sie/es [kopieren],Präsens
kommen zurück,sie/Sie [zurückkommen],Präsens
die Ampel,the traffic lights,Stadt
der Sohn,the son,die Familie
lernt,ihr [lernen],Präsens
April,April,Tag und Zeit
suchen,sie/Sie [suchen],Präsens
warte,ich [warten],Präsens
Südafrika,South Africa,Geographie/Kultur
die Umleitung,the detour,Verkehrsmittel
male,ich [malen],Präsens
beginne,ich [beginnen],Präsens
steigt,er/sie/es [steigen],Präsens
badest,du [baden],Präsens
wohnen,to live in a place,Infinitiv
der Ort,"the town, the city",Geographie/Kultur
warten,to wait,Infinitiv
die Ausfahrt,the exit (road),Verkehrsmittel
die Maus,the mouse,Tech
die Welt,world,Geographie/Kultur
selbstständig,self-employed,Adjektive
hat angefangen,anfangen,Perfekt (zB hat gemacht / ist gegangen)
ergänzen,sie/Sie [ergänzen],Präsens
das Studium,studies,Schule
die Stadt,the city,Geographie/Kultur
empfiehlst,du [empfehlen],Präsens
tanzen,to dance,Infinitiv
das Dorf,the village,Stadt
hat unterschrieben,unterschreiben,Perfekt (zB hat gemacht / ist gegangen)
fängst an,du [anfangen],Präsens
sitzt,du [sitzen],Präsens
tanzen,wir [tanzen],Präsens
macht mit,ihr [mitmachen],Präsens
das Brot,the bread,Essen
die Lohnsteuer,salary tax,Arbeit
Namen,names,Kontaktdaten
die Bluse,the blouse,Kleidung
bricht,er/sie/es [brechen],Präsens
schlägt,er/sie/es [schlagen],Präsens
ergänzen,wir [ergänzen],Präsens
der Projektor,the projector (video),Tech
besuchen,to visit,Infinitiv
der Cousin,the (male) cousin,die Familie
erklären,wir [erklären],Präsens
wandere,ich [wandern],Präsens
tragt,ihr [tragen],Präsens
pünktlich,punctual,Adjektive
die Speisekarte,the menu,Essen
singen,to sing,Infinitiv
bringen mit,sie/Sie [mitbringen],Präsens
hören,"to hear, to listen",Infinitiv
gefällt,er/sie/es [gefallen],Präsens
räumt auf,er/sie/es [aufräumen],Präsens
radiere,ich [radieren],Präsens
hat gezogen,ziehen,Perfekt (zB hat gemacht / ist gegangen)
stellen,"to put, to place",Infinitiv
heiratet,ihr [heiraten],Präsens
schwimmt,ihr [schwimmen],Präsens
analysiert,er/sie/es [analysieren],Präsens
fotografieren,to photograph,Infinitiv
wisst,ihr [wissen],Präsens
wandert,ihr [wandern],Präsens
glaubst,du [glauben],Präsens
sitze,ich [sitzen],Präsens
die Lippe,the lip,der Körper
der Keks,the cookies,Essen
hat gekannt,kennen,Perfekt (zB hat gemacht / ist gegangen)
der Dienstgeber,the employer,Arbeit
sieht,er/sie/es [sehen],Präsens
weine,ich [weinen],Präsens
werden,to become,Infinitiv
verliert,ihr [verlieren],Präsens
schläfst,du [schlafen],Präsens
buchstabiere,ich [buchstabieren],Präsens
rennen,to run,Infinitiv
speichern,to save,Infinitiv
hat gewartet,warten,Perfekt (zB hat gemacht / ist gegangen)
machen mit,wir [mitmachen],Präsens
richtig,right,Adjektive
Kanada,Canada,Geographie/Kultur
die Hauptstadt,capital,Geographie/Kultur
komme zurück,ich [zurückkommen],Präsens
der Stuhl,The chair,Haus
die Schweiz,Switzerland,Geographie/Kultur
Bänke,banks,Stadt
die Fremdsprache,the foreign language,Geographie/Kultur
schwimmen,sie/Sie [schwimmen],Präsens
kaufen,wir [kaufen],Präsens
der Lärm,the noise,Stadt
räume auf,ich [aufräumen],Präsens
wiederholt,ihr [wiederholen],Präsens
der Schlüssel,The key,Haus
empfehlen,sie/Sie [empfehlen],Präsens
nervös,nervous,Adjektive
glücklich,happy,Adjektive
die Hand,the hand,der Körper
schreiben,to write,Infinitiv
das Knie,the knee,der Körper
kocht,er/sie/es [kochen],Präsens
steigst,du [steigen],Präsens
sehen,sie/Sie [sehen],Präsens
rennst,du [rennen],Präsens
fliegt,er/sie/es [fliegen],Präsens
warte,ich [warten],Präsens
ziehen,to pull/to move (residence),Infinitiv
laufen,to run,Infinitiv
liebt,er/sie/es [lieben],Präsens
hat gebadet,baden,Perfekt (zB hat gemacht / ist gegangen)
wohnen,sie/Sie [wohnen],Präsens
lesen,to read,Infinitiv
malst,du [malen],Präsens
fährt los,er/sie/es [losfahren],Präsens
öffnen,to open,Infinitiv
esse auf,ich [aufessen],Präsens
übst,du [üben],Präsens
Länder,countries,Geographie/Kultur
sprechen,sie/Sie [sprechen],Präsens
retten,to save,Infinitiv
fastet,er/sie/es [fasten],Präsens
wanderst,du [wandern],Präsens
die Leute,the people,Personen
räume weg,ich [wegräumen],Präsens
aufessen,to eat up,Infinitiv
gehen weg,wir [weggehen],Präsens
fällst,du [fallen],Präsens
die Hauseaufgaben,the homework,Schule
verbieten,sie/Sie [verbieten],Präsens
der Schüler,the (male) student,Schule
der Kaffee,the coffee,Essen
das Müsli,musli cereal,Essen
kennen,sie/Sie [kennen],Präsens
ist gesunken,sinken,Perfekt (zB hat gemacht / ist gegangen)
die Freundschaft,the friendship,Personen
bedeute,ich [bedeuten],Präsens
esst auf,ihr [aufessen],Präsens
räumt auf,ihr [aufräumen],Präsens
lädst ein,du [einladen],Präsens
wissen,to know (a fact),Infinitiv
isst auf,er/sie/es [aufessen],Präsens
zahlen,sie/Sie [zahlen],Präsens
schließt,ihr [schließen],Präsens
die Erbsen,the peas,Essen
buchstabierst,du [buchstabieren],Präsens
rettet,ihr [retten],Präsens
frisch,fresch,Adjektive
wählen,wir [wählen],Präsens
am Mittag,At noon,Tag und Zeit
koste,ich [kosten],Präsens
hat gerettet,retten,Perfekt (zB hat gemacht / ist gegangen)
das Postamt,the post office,Stadt
sehe,ich [sehen],Präsens
seht,ihr [sehen],Präsens
brauche,ich [brauchen],Präsens
bildet,er/sie/es [bilden],Präsens
ist angekommen,ankommen,Perfekt (zB hat gemacht / ist gegangen)
hat wiederholt,wiederholen,Perfekt (zB hat gemacht / ist gegangen)
rennen,wir [rennen],Präsens
Ungarn,Hungary,Geographie/Kultur
der Winter,The winter,Tag und Zeit
singen,wir [singen],Präsens
früh,early,Adjektive
üben,sie/Sie [üben],Präsens
warten,wir [warten],Präsens
Urin,Der Urologe untersucht den ___ auf mögliche Infektionen.,die Gesundheit (A2)
macht,er/sie/es [machen],Präsens
das Getränk,the drink,Essen
Stunden,hours,Tag und Zeit
hat radiert,radieren,Perfekt (zB hat gemacht / ist gegangen)
hat gelacht,lachen,Perfekt (zB hat gemacht / ist gegangen)
putzt,er/sie/es [putzen],Präsens
komme,ich [kommen],Präsens
schwimme,ich [schwimmen],Präsens
der Verkäufer,the make seller,Supermarkt
denkst,du [denken],Präsens
der Lachs,the salmon,Essen
nimmt,er/sie/es [nehmen],Präsens
der Name,the name,Kontaktdaten
Enden,finales,Wissen
hat gebraucht,brauchen,Perfekt (zB hat gemacht / ist gegangen)
die Enkelkinder,the grandchildren,die Familie
kopieren,wir [kopieren],Präsens
putzen,sie/Sie [putzen],Präsens
hat gefühlt,fühlen,Perfekt (zB hat gemacht / ist gegangen)
dick,thick,Adjektive
rette,ich [retten],Präsens
die Gabel,the fork,Haus
zählen,wir [zählen],Präsens
empfehlt,ihr [empfehlen],Präsens
sitzen,sie/Sie [sitzen],Präsens
die Bücherei,the library,Stadt
badet,er/sie/es [baden],Präsens
ist geworden,werden,Perfekt (zB hat gemacht / ist gegangen)
hat gefüttert,füttern,Perfekt (zB hat gemacht / ist gegangen)
warten,sie/Sie [warten],Präsens
buchstabiert,er/sie/es [buchstabieren],Präsens
räumen auf,wir [aufräumen],Präsens
esst,ihr [essen],Präsens
schwimmen,to swim,Infinitiv
messen,wir [messen],Präsens
der Tee,the tea,Essen
unbequem,uncomfortable,Adjektive
Fernseher,TV’s,Haus
demonstrieren,to demonstrate,Infinitiv
das Büro,the office,Arbeit
der Wecker,alarm clock,Haus
schlafen,sie/Sie [schlafen],Präsens
der Erdapfel,the potato,Essen
Projekte,projects,Wissen
Montag,Monday,Tag und Zeit
dabeihaben,to have with one,Infinitiv
geht,ihr [gehen],Präsens
übt,er/sie/es [üben],Präsens
trägst,du [tragen],Präsens
fahrt los,ihr [losfahren],Präsens
ruft an,er/sie/es [anrufen],Präsens
der Arm,the arm,der Körper
Schweden,Sweden,Geographie/Kultur
der Verein,the club,Politk
Tassen,cups,Haus
laufen,wir [laufen],Präsens
lang,long,Adjektive
China,China,Geographie/Kultur
Frankreich,France,Geographie/Kultur
die Mütze,the beanie/cap,Kleidung
Kugelschreiber,pens,Schule
aussehen,to look like,Infinitiv
brechen,wir [brechen],Präsens
sehen,wir [sehen],Präsens
Juni,June,Tag und Zeit
telefoniert,er/sie/es [telefonieren],Präsens
stehen auf,sie/Sie [aufstehen],Präsens
tanzt,ihr [tanzen],Präsens
trefft,ihr [treffen],Präsens
die Kiste,the crate,Supermarkt
übe,ich [üben],Präsens
benutzen,to use,Infinitiv
die Nacht,The night,Tag und Zeit
modern,modern,Adjektive
buchstabiert,ihr [buchstabieren],Präsens
hat getrunken,trinken,Perfekt (zB hat gemacht / ist gegangen)
stehen,wir [stehen],Präsens
werfen,wir [werfen],Präsens
halte,ich [halten],Präsens
der Bauch,the belly / stomach,der Körper
die Minute,The minute,Tag und Zeit
liegt,er/sie/es [liegen],Präsens
die Wange,the cheek,der Körper
betet,ihr [beten],Präsens
ist weggegangen,weggehen,Perfekt (zB hat gemacht / ist gegangen)
bade,ich [baden],Präsens
spielst,du [spielen],Präsens
hart,hard,Adjektive
schlafe,ich [schlafen],Präsens
halten,wir [halten],Präsens
senden,to send,Infinitiv
brichst,du [brechen],Präsens
fahre ab,ich [abfahren],Präsens
das Sackerl,the bag (of chips),Supermarkt
die Scheiben,the slices,Supermarkt
nass,wet,Adjektive
der Hals,the neck / throat,der Körper
steht auf,ihr [aufstehen],Präsens
streiten,wir [streiten],Präsens
die Adresse,the address,Kontaktdaten
weinst,du [weinen],Präsens
redet,er/sie/es [reden],Präsens
der Geschirrspüler,The dishwasher,Haus
der Restmüll,residual waste,Stadt
dünn,thin,Adjektive
die Marille,the apricot,Essen
das Land,the country,Geographie/Kultur
bedeutet,ihr [bedeuten],Präsens
hat gezählt,zählen,Perfekt (zB hat gemacht / ist gegangen)
kaufen,sie/Sie [kaufen],Präsens
rufst an,du [anrufen],Präsens
die Station,station,Stadt
erzählen,sie/Sie [erzählen],Präsens
helfen,to help,Infinitiv
der Vater,the father,die Familie
September ,September,Tag und Zeit
liegen,wir [liegen],Präsens
herunterladen,to download,Infinitiv
arbeiten,sie/Sie [arbeiten],Präsens
gehört,ihr [gehören],Präsens
antwortet,ihr [antworten],Präsens
Regale,shelves,Haus
das Ende,the end,Wissen
stehst,du [stehen],Präsens
springen,wir [springen],Präsens
das Glas,the glass,Haus
das Haar,the hair,der Körper
unterschreibt,er/sie/es [unterschreiben],Präsens
gehst,du [gehen],Präsens
ängstlich,anxious/fearful,Adjektive
ist gerannt,rennen,Perfekt (zB hat gemacht / ist gegangen)
lebt,er/sie/es [leben],Präsens
atmen,to breathe,Infinitiv
kennt,ihr [kennen],Präsens
rufen an,sie/Sie [anrufen],Präsens
die Straße,street,Stadt
bringt mit,ihr [mitbringen],Präsens
unsicher,insecure,Adjektive
der Enkel,the grandson,die Familie
verstehen,sie/Sie [verstehen],Präsens
schlägst,du [schlagen],Präsens
gesund,healthy,Adjektive
wird,er/sie/es [werden],Präsens
die Sekunde,The second,Tag und Zeit
bringst mit,du [mitbringen],Präsens
komme an,ich [ankommen],Präsens
Gegenteile,the opposite nouns,Wissen
lerne,ich [lernen],Präsens
anbieten,to offer,Infinitiv
mache mit,ich [mitmachen],Präsens
der Zug,the train,Verkehrsmittel
sieht fern,er/sie/es [fernsehen],Präsens
die Kurve,the curve,Verkehrsmittel
der Wein,the wine,Essen
die Serviette,the napkin,Essen
die Toilette,the toilet,Haus
redest,du [reden],Präsens
Jänner,January,Tag und Zeit
Finnland,Finland,Geographie/Kultur
Schmerzen,Ich habe starke ___ im Rücken.,die Gesundheit (A2)
die Sache,the thing (S),Wissen
kenne,ich [kennen],Präsens
antworten,sie/Sie [antworten],Präsens
Rucksäcke,backpacks,Kleidung
stehen auf,wir [aufstehen],Präsens
das Foto,The photo,Haus
hat geworfen,werfen,Perfekt (zB hat gemacht / ist gegangen)
Zahlen,numbers (Zahl),Geld
sagst,du [sagen],Präsens
kalt,cold,Adjektive
geben,wir [geben],Präsens
geben,to give,Infinitiv
der Salon,living room,Stadt
spielt,er/sie/es [spielen],Präsens
werden,wir [werden],Präsens
schaust an,du [anschauen],Präsens
empfängst,du [empfangen],Präsens
Opas,grandpas,Personen
bequem,comfortable,Adjektive
die Zehen,the toes,der Körper
messen,sie/Sie [messen],Präsens
antworten,wir [antworten],Präsens
brauchen,wir [brauchen],Präsens
am Vormittag,in the morning (before noon),Tag und Zeit
springen,to jump,Infinitiv
weint,er/sie/es [weinen],Präsens
gefallt,ihr [gefallen],Präsens
abfahren,to depart,Infinitiv
besuche,ich [besuchen],Präsens
buchstabieren,to spell,Infinitiv
vergesse,ich [vergessen],Präsens
hört,ihr [hören],Präsens
beginnen,sie/Sie [beginnen],Präsens
das Bett,The bed,Haus
spielen,to play,Infinitiv
singt,er/sie/es [singen],Präsens
lese,ich [lesen],Präsens
Nummern,numbers (Nummer),Kontaktdaten
rechnen,to calculate,Infinitiv
ziehst,du [ziehen],Präsens
telefoniert,ihr [telefonieren],Präsens
lieben,to love,Infinitiv
die Familie,the family,die Familie
liegen,to lay,Infinitiv
die Person,the person,Personen
zeigt,ihr [zeigen],Präsens
der Knoten,the knot/junction,Verkehrsmittel
der Fernseher,the TV,Haus
hat analysiert,analysieren,Perfekt (zB hat gemacht / ist gegangen)
lache,ich [lachen],Präsens
stehen auf,sie/Sie [aufstehen],Präsens
arbeitet,ihr [arbeiten],Präsens
der Frieden,the peace,Geographie/Kultur
zeigst,du [zeigen],Präsens
schließen,wir [schließen],Präsens
frühstücken,to eat breakfast,Infinitiv
der Teller,the plate,Haus
ergänzt,er/sie/es [ergänzen],Präsens
frühstücken,wir [frühstücken],Präsens
kostet,ihr [kosten],Präsens
schläfst ein,du [einschlafen],Präsens
vergisst,du [vergessen],Präsens
zeichne,ich [zeichnen],Präsens
zählen,sie/Sie [zählen],Präsens
glücklich,happy,Adjektive
die Kappe,the cap,Kleidung
mitbringen,to bring along,Infinitiv
Taxis,taxis,Verkehrsmittel
der Zuwanderer,immigrant,Wanderung
die Packung,the packet (big),Supermarkt
traurig,sad,Adjektive
hat getroffen,treffen,Perfekt (zB hat gemacht / ist gegangen)
der Einwanderer,immigrant,Wanderung
die Jacke,the jacket,Kleidung
trage,ich [tragen],Präsens
der Rock,the skirt,Kleidung
tanzt,er/sie/es [tanzen],Präsens
bedeutest,du [bedeuten],Präsens
der Flughafen,the airport,Stadt
zahlen,wir [zahlen],Präsens
helfe,ich [helfen],Präsens
die Zehe,the toe,der Körper
wiederholen,wir [wiederholen],Präsens
neugierig,curious,Adjektive
das Gehalt,salary (for employees),Arbeit
wissen,sie/Sie [wissen],Präsens
das Krankenhaus,the hospital (Germany),Stadt
das Rathaus,the city hall,Stadt
frühstückst,du [frühstücken],Präsens
helfen,sie/Sie [helfen],Präsens
schreibt,er/sie/es [schreiben],Präsens
rechnest,du [rechnen],Präsens
hat mitgebracht,mitbringen,Perfekt (zB hat gemacht / ist gegangen)
Hausarzt,Mein ___ kennt meine Krankengeschichte gut.,die Gesundheit (A2)
reden,wir [reden],Präsens
die Einkommensteuer,income tax,Arbeit
fängst,du [fangen],Präsens
das Gegenteil,the opposite word,Wissen
Uhren,clocks,Tag und Zeit
kopiert,ihr [kopieren],Präsens
lernen,wir [lernen],Präsens
brauchst,du [brauchen],Präsens
falsch,wrong,Adjektive
streite,ich [streiten],Präsens
hat gearbeitet,arbeiten,Perfekt (zB hat gemacht / ist gegangen)
bleibt,ihr [bleiben],Präsens
putzen,wir [putzen],Präsens
das Messer,the knife,Haus
das Auge,the eye,der Körper
empfehlen,to recommend,Infinitiv
hat gezahlt,zahlen,Perfekt (zB hat gemacht / ist gegangen)
erzählt,er/sie/es [erzählen],Präsens
hat kennengelernt,kennenlernen,Perfekt (zB hat gemacht / ist gegangen)
verbietet,ihr [verbieten],Präsens
das Kino,the cinema,Stadt
sinken,sie/Sie [sinken],Präsens
wählen,to choose,Infinitiv
Maschinen,machines,Tech
die Flasche,the bottle,Supermarkt
finden,wir [finden],Präsens
am Nachmittag,in the afternoon,Tag und Zeit
besuchst,du [besuchen],Präsens
wiederholen,to repeat,Infinitiv
die Armbanduhr,the wristwatch,Kleidung
vernünftig,"Es ist ___, bei Fieber zu Hause zu bleiben.",die Gesundheit (A2)
am Morgen,in the morning,Tag und Zeit
erleben,wir [erleben],Präsens
das Hotel,the hotel,Stadt
die Landeshauptstadt,state capital,Geographie/Kultur
hat empfangen,empfangen,Perfekt (zB hat gemacht / ist gegangen)
fangen,wir [fangen],Präsens
mitversichert,co-insured,Adjektive
telefonieren,wir [telefonieren],Präsens
hat geatmet,atmen,Perfekt (zB hat gemacht / ist gegangen)
Griechenland,Greece,Geographie/Kultur
sitzen,wir [sitzen],Präsens
schreibst,du [schreiben],Präsens
die Tante,the aunt,die Familie
der Sauerrahm,the sour cream,Essen
der Paprika,the bell pepper,Essen
schmutzig,dirty,Adjektive
neu,new,Adjektive
kosten,wir [kosten],Präsens
finden,sie/Sie [finden],Präsens
ziehe an,ich [anziehen],Präsens
kauft,er/sie/es [kaufen],Präsens
verstehen,to understand,Infinitiv
liebe,ich [lieben],Präsens
putzt,ihr [putzen],Präsens
erklärt,ihr [erklären],Präsens
der Unterschied,the difference,Wissen
Sekunden,seconds,Tag und Zeit
fahren los,sie/Sie [losfahren],Präsens
lernst,du [lernen],Präsens
denkt,er/sie/es [denken],Präsens
essen auf,wir [aufessen],Präsens
essen,sie/Sie [essen],Präsens
die Türkei,Turkey,Geographie/Kultur
Städte,cities,Geographie/Kultur
der Laptop,The laptop,Tech
sinkst,du [sinken],Präsens
der See,lake,Natur
das Boot,the boat,Verkehrsmittel
der Wecker,the alarm clock,Haus
sehe fern,ich [fernsehen],Präsens
verliert,er/sie/es [verlieren],Präsens
essen auf,sie/Sie [aufessen],Präsens
Samstag,Saturday,Tag und Zeit
wiederholen,sie/Sie [wiederholen],Präsens
tanzt,du [tanzen],Präsens
hast dabei,du [dabeihaben],Präsens
Donnerstag,Thursday,Tag und Zeit
hat buchstabiert,buchstabieren,Perfekt (zB hat gemacht / ist gegangen)
fotografieren,wir [fotografieren],Präsens
reden,to talk,Infinitiv
selbstversichert,self-insured,Adjektive
tanze,ich [tanzen],Präsens
verwitwet,widow,Adjektive
der Unfall,the accident,Verkehrsmittel
der Ellenbogen,the elbow,der Körper
der Schnee,the snow,Tag und Zeit
arbeitet,er/sie/es [arbeiten],Präsens
hat geglaubt,glauben,Perfekt (zB hat gemacht / ist gegangen)
fängt,er/sie/es [fangen],Präsens
der Mantel,the coat,Kleidung
die Schule,the school,Stadt
ungesund,unhealthy,Adjektive
fahren,wir [fahren],Präsens
hat gebrochen,brechen,Perfekt (zB hat gemacht / ist gegangen)
rennt,er/sie/es [rennen],Präsens
der Biomüll,organic waste,Stadt
die Waschmaschine,The washing machine,Haus
waschen,wir [waschen],Präsens
das Buch,the book,Schule
zähle,ich [zählen],Präsens
beginnt,ihr [beginnen],Präsens
die Telefonnummer,the phone number,Kontaktdaten
am Abend,in the evening,Tag und Zeit
kaufe,ich [kaufen],Präsens
zeigt,er/sie/es [zeigen],Präsens
die Stiege,the staircase,Haus
seht fern,ihr [fernsehen],Präsens
fliegt,ihr [fliegen],Präsens
hat angerufen,anrufen,Perfekt (zB hat gemacht / ist gegangen)
messen,to measure,Infinitiv
das Geschirr,the dishes,Haus
steht auf,er/sie/es [aufstehen],Präsens
wählt,er/sie/es [wählen],Präsens
die Polizeistation,the police station,Stadt
der Sommer,The summer,Tag und Zeit
streitet,ihr [streiten],Präsens
analysiere,ich [analysieren],Präsens
füttern,wir [füttern],Präsens
das Hemd,the shirt (button up),Kleidung
steht,er/sie/es [stehen],Präsens
das Kilo,the kilo,Supermarkt
passierst,du [passieren],Präsens
zieht,er/sie/es [ziehen],Präsens
kosten,sie/Sie [kosten],Präsens
fangen,sie/Sie [fangen],Präsens
hat gemessen,messen,Perfekt (zB hat gemacht / ist gegangen)
gefallen,wir [gefallen],Präsens
die Beine,the legs,der Körper
die Geschichte,history,Wissen
vorbereiten,to prepare,Infinitiv
springe,ich [springen],Präsens
verliere,ich [verlieren],Präsens
liebst,du [lieben],Präsens
fahre,ich [fahren],Präsens
hat gebildet,bilden,Perfekt (zB hat gemacht / ist gegangen)
die Krawatte,the tie,Kleidung
wohnst,du [wohnen],Präsens
fasten,to fast,Infinitiv
Sofas,couches,Haus
die Geschichte,"story, history",Arbeit
vergisst,er/sie/es [vergessen],Präsens
stehst auf,du [aufstehen],Präsens
sprichst,du [sprechen],Präsens
fastet,ihr [fasten],Präsens
sagen,to say,Infinitiv
tragen,to carry,Infinitiv
die Frustration,the frustration,Wissen
koche,ich [kochen],Präsens
hängen,to hang,Infinitiv
gehören,to belong,Infinitiv
fallen,to fall,Infinitiv
hat gefastet,fasten,Perfekt (zB hat gemacht / ist gegangen)
tragen,sie/Sie [tragen],Präsens
Mittwoch,Wednesday,Tag und Zeit
ledig,single,Adjektive
bedeutet,er/sie/es [bedeuten],Präsens
wandern,to hike,Infinitiv
löschen,to delete,Infinitiv
hörst,du [hören],Präsens
unterschreibt,ihr [unterschreiben],Präsens
sitzt,ihr [sitzen],Präsens
der Park,the park,Stadt
atmet,er/sie/es [atmen],Präsens
ziehen an,sie/Sie [anziehen],Präsens
zeichnen,wir [zeichnen],Präsens
hat getragen,tragen,Perfekt (zB hat gemacht / ist gegangen)
hat angezogen,anziehen,Perfekt (zB hat gemacht / ist gegangen)
die Kundin,the female client,Supermarkt
der Hut,the hat,Kleidung
das Jahr,the year,Tag und Zeit
hat ergänzt,ergänzen,Perfekt (zB hat gemacht / ist gegangen)
üben,to practice,Infinitiv
die Kassa,The cash register,Supermarkt
spielt,ihr [spielen],Präsens
machst,du [machen],Präsens
beginnst,du [beginnen],Präsens
schicken,to send,Infinitiv
beten,sie/Sie [beten],Präsens
gehen,sie/Sie [gehen],Präsens
zeichnen,to draw,Infinitiv
der Neffe,the nephew,die Familie
analysieren,wir [analysieren],Präsens
öffnet,ihr [öffnen],Präsens
fangt an,ihr [anfangen],Präsens
hat dabeigehabt,dabeihaben,Perfekt (zB hat gemacht / ist gegangen)
gebt,ihr [geben],Präsens
fahren ab,wir [abfahren],Präsens
radieren,sie/Sie [radieren],Präsens
macht mit,er/sie/es [mitmachen],Präsens
empfängt,er/sie/es [empfangen],Präsens
messe,ich [messen],Präsens
hat dabei,er/sie/es [dabeihaben],Präsens
Stühle,chairs,Haus
die Richtung,the direction,Verkehrsmittel
geht,er/sie/es [gehen],Präsens
März,March,Tag und Zeit
verstehe,ich [verstehen],Präsens
biete,ich [bieten],Präsens
hat erzählt,erzählen,Perfekt (zB hat gemacht / ist gegangen)
besucht,ihr [besuchen],Präsens
rufen an,wir [anrufen],Präsens
rechnen,wir [rechnen],Präsens
sinke,ich [sinken],Präsens
das Obst,the fruit,Essen
ist geflogen,fliegen,Perfekt (zB hat gemacht / ist gegangen)
lebt,ihr [leben],Präsens
isst auf,du [aufessen],Präsens
sucht,ihr [suchen],Präsens
die Taste,the key (button),Tech
bietest an,du [anbieten],Präsens
die Schokolade,the chocolate,Essen
beginnt,er/sie/es [beginnen],Präsens
Deutschland,Germany,Geographie/Kultur
ziehen aus,wir [ausziehen],Präsens
das Kleid,the dress,Kleidung
der Baum,the tree,Natur
glaubt,er/sie/es [glauben],Präsens
lebst,du [leben],Präsens
Oktober,October,Tag und Zeit
das Restaurant,the restaurant,Stadt
hat gefallen,gefallen,Perfekt (zB hat gemacht / ist gegangen)
mitmachen,to participate,Infinitiv
bieten,to offer,Infinitiv
Tage,days,Tag und Zeit
das Fleisch,the meat,Essen
leben,sie/Sie [leben],Präsens
hat gesehen,sehen,Perfekt (zB hat gemacht / ist gegangen)
versteht,er/sie/es [verstehen],Präsens
fahrt,ihr [fahren],Präsens
das Bild,The image,Haus
liegen,to lie,Infinitiv
radiert,er/sie/es [radieren],Präsens
das Video,the video,Schule
die Haltestelle,the stop,Stadt
suche,ich [suchen],Präsens
Schwangerschaft,Die Gynäkologin begleitet die ___ mit regelmäßigen Untersuchungen.,die Gesundheit (A2)
lädt ein,er/sie/es [einladen],Präsens
kommt an,ihr [ankommen],Präsens
bieten,sie/Sie [bieten],Präsens
baden,wir [baden],Präsens
möchte,ich [möchten],Präsens
hat empfohlen,empfehlen,Perfekt (zB hat gemacht / ist gegangen)
spät,late,Adjektive
die Schulter,the shoulder,der Körper
werfe,ich [werfen],Präsens
hat gefangen,fangen,Perfekt (zB hat gemacht / ist gegangen)
der Daumen,the thumb,der Körper
Italien,Italy,Geographie/Kultur
ist gelaufen,laufen,Perfekt (zB hat gemacht / ist gegangen)
die Amtssprache,the official language,Geographie/Kultur
empfangen,wir [empfangen],Präsens
die Sozialversicherung,social insurance,Arbeit
kostest,du [kosten],Präsens
die Karte,the map,Geld
hell,bright,Adjektive
der Stift,The pencil,Arbeit
kommst an,du [ankommen],Präsens
das Talent,the talent,Wissen
hat gefunden,finden,Perfekt (zB hat gemacht / ist gegangen)
der Stress,the stress,Gesunheit
schreiben,wir [schreiben],Präsens
kaufst ein,du [einkaufen],Präsens
erleichtert,relieved,Adjektive
hat geboten,bieten,Perfekt (zB hat gemacht / ist gegangen)
Österreich,Austria,Geographie/Kultur
der Supermarkt,the supermarket,Stadt
leer,empty,Adjektive
das Produkt,the product,Essen
hat besucht,besuchen,Perfekt (zB hat gemacht / ist gegangen)
die Muttersprache,the mother tongue,Geographie/Kultur
vergesst,ihr [vergessen],Präsens
"Nein, sie ist gelb",Ist die Ananas rot?,lektion-0001
"Ja, er ist grün",Ist der Brokkoli grün?,lektion-0001
Die Banane ist gelb,Die Banane ist g—b,lektion-0001
Es ist kalt,Wie ist das Wetter im Winter?,lektion-0001
Der Apfel ist rot,Der Apfel ist r--,lektion-0001
Der Apfel ist grün,Was ist grün: der Apfel  oder die Karotte?,lektion-0001
"Nein, sie ist rot",Ist die Tomate blau?,lektion-0001
Er ist orange und rund,Wie ist der Kürbis?,lektion-0001
"Nein, sie ist sauer",Ist die Zitrone süß?,lektion-0001
Er ist blau,Wie ist der Himmel?,lektion-0001
Er ist grün und frisch,Wie ist der Salat?,lektion-0001
"Ja, sie ist lila",Ist die Aubergine lila?,lektion-0001
Die Zitrone ist gelb,"Was ist gelb: die Zitrone, die Himbeere oder die Erdbeere?",lektion-0001
"Nein, es ist kalt",Ist das Wetter warm im Winter?,lektion-0001
Er ist kalt,Wie ist der Schnee: warm oder kalt?,lektion-0001
Sie ist lang,Wie ist die Gurke: kurz oder lang?,lektion-0001
"Nein, er ist blau",Ist der Himmel grün?,lektion-0001
Es ist warm und sonnig,Wie ist das Wetter im Sommer?,lektion-0001
"Nein, er ist grün",Ist der Spinat gelb?,lektion-0001
Sie ist rot,Wie ist die Tomate?,lektion-0001
Sie ist rot und klein,Wie ist die Himbeere?,lektion-0001
"Nein, er ist orange",Ist der Kürbis blau?,lektion-0001
Es ist kühl und windig,Wie ist das Wetter im Herbst?,lektion-0001
Der Apfel ist rot,"Was ist rot: der Apfel, die Gurke oder die Zwiebel?",lektion-0001
"Nein, sie ist rot, gelb, orange oder grün",Ist die Paprika braun?,lektion-0001
Er ist grün,Wie ist der Brokkoli?,lektion-0001
"Nein, sie ist rot",Ist die Erdbeere lila?,lektion-0001
Das Eis ist kalt,"Was ist kalt: der Tee, das Eis oder die Suppe?",lektion-0001
Er ist nass und kühl,Wie ist der Regen?,lektion-0001
"Nein, er ist gelb",Ist der Mais schwarz?,lektion-0001
Sie ist rund und weiß,Wie ist die Zwiebel: rund oder eckig?,lektion-0001
Sie ist rund und orange,Wie ist die Orange?,lektion-0001
"Nein, er (sie) ist braun",Ist der Erdapfel (die Kartoffel) blau?,lektion-0001
"Nein, sie ist grün",Ist die Zucchini rosa?,lektion-0001
Der Kürbis ist rund,"Was ist rund: der Kürbis, die Karotte oder die Gurke?",lektion-0001
Er ist blau und klar,Wie ist der Himmel im Sommer?,lektion-0001
"Nein, er ist grün",Ist der Spinat rot?,lektion-0001
Er ist grau und dick,Wie ist der Nebel?,lektion-0001
"Nein, er ist blau",Ist der Himmel gelb?,lektion-0001
Er ist bewölkt ,Wie ist der Himmel im Winter?,lektion-0001
